model,Parameter Set,Fold,testAccuracy,testPrecision,testRecall,testF1,testRocauc,testCohenkappascore,trainAccuracy,trainPrecision,trainRecall,trainF1,trainRocauc,trainCohenkappascore
LogisticRegression,"{'penalty': 'l1', 'C': 0.001, 'solver': 'liblinear', 'max_iter': 100, 'class_weight': None}",1,0.7796005706134094,0.5963302752293578,0.5241935483870968,0.5579399141630901,0.6980191042906357,0.4119558578002199,0.7699714693295292,0.5751533742331288,0.5047106325706595,0.5376344086021505,0.685154928124243,0.385402833036781
LogisticRegression,"{'penalty': 'l1', 'C': 0.001, 'solver': 'liblinear', 'max_iter': 100, 'class_weight': None}",2,0.7881597717546363,0.6254180602006689,0.5026881720430108,0.5573770491803278,0.6969751539826704,0.4202949799940414,0.7860199714693296,0.625886524822695,0.4757412398921833,0.5405819295558959,0.6867067014203885,0.4044702957259487
LogisticRegression,"{'penalty': 'l1', 'C': 0.001, 'solver': 'liblinear', 'max_iter': 100, 'class_weight': 'balanced'}",1,0.6718972895863052,0.4349112426035503,0.7903225806451613,0.5610687022900763,0.7097243971186972,0.332624136960445,0.6865192582025678,0.4483282674772036,0.7940780619111709,0.5730937348227294,0.7209109377969246,0.3544247300843928
LogisticRegression,"{'penalty': 'l1', 'C': 0.001, 'solver': 'liblinear', 'max_iter': 100, 'class_weight': 'balanced'}",2,0.6761768901569187,0.4382530120481928,0.782258064516129,0.5617760617760619,0.710061071093016,0.3359027435792566,0.7050641940085592,0.4663499604117181,0.793800539083558,0.5875311720698254,0.7334667098909545,0.3812496531231722
LogisticRegression,"{'penalty': 'l1', 'C': 0.001, 'solver': 'liblinear', 'max_iter': 1000, 'class_weight': None}",1,0.7796005706134094,0.5963302752293578,0.5241935483870968,0.5579399141630901,0.6980191042906357,0.4119558578002199,0.7699714693295292,0.5751533742331288,0.5047106325706595,0.5376344086021505,0.685154928124243,0.385402833036781
LogisticRegression,"{'penalty': 'l1', 'C': 0.001, 'solver': 'liblinear', 'max_iter': 1000, 'class_weight': None}",2,0.7881597717546363,0.6254180602006689,0.5026881720430108,0.5573770491803278,0.6969751539826704,0.4202949799940414,0.786376604850214,0.6265486725663717,0.477088948787062,0.541698546289212,0.6873805558678279,0.4057405122050631
LogisticRegression,"{'penalty': 'l1', 'C': 0.001, 'solver': 'liblinear', 'max_iter': 1000, 'class_weight': 'balanced'}",1,0.6718972895863052,0.4349112426035503,0.7903225806451613,0.5610687022900763,0.7097243971186972,0.332624136960445,0.6865192582025678,0.4483282674772036,0.7940780619111709,0.5730937348227294,0.7209109377969246,0.3544247300843928
LogisticRegression,"{'penalty': 'l1', 'C': 0.001, 'solver': 'liblinear', 'max_iter': 1000, 'class_weight': 'balanced'}",2,0.6761768901569187,0.4382530120481928,0.782258064516129,0.5617760617760619,0.710061071093016,0.3359027435792566,0.7050641940085592,0.4663499604117181,0.793800539083558,0.5875311720698254,0.7334667098909545,0.3812496531231722
LogisticRegression,"{'penalty': 'l1', 'C': 0.001, 'solver': 'saga', 'max_iter': 100, 'class_weight': None}",1,0.7624821683309557,0.5585585585585585,0.5,0.527659574468085,0.678640776699029,0.3696604910768533,0.7521398002853067,0.536697247706422,0.4724091520861372,0.5025053686471008,0.6626965702206524,0.3383523282849133
LogisticRegression,"{'penalty': 'l1', 'C': 0.001, 'solver': 'saga', 'max_iter': 100, 'class_weight': None}",2,0.7667617689015692,0.5778546712802768,0.4489247311827957,0.5052950075642965,0.6652390646205241,0.355837944319705,0.7681883024251069,0.5855018587360595,0.4245283018867924,0.4921875000000001,0.6581904361034351,0.3469087635914355
LogisticRegression,"{'penalty': 'l1', 'C': 0.001, 'solver': 'saga', 'max_iter': 100, 'class_weight': 'balanced'}",1,0.6226818830242511,0.395750332005312,0.8010752688172043,0.5297777777777778,0.6796638480008351,0.2707523367334699,0.6326676176890157,0.4036265950302216,0.8088829071332436,0.5385304659498208,0.6890120503642929,0.2861567117512804
LogisticRegression,"{'penalty': 'l1', 'C': 0.001, 'solver': 'saga', 'max_iter': 100, 'class_weight': 'balanced'}",2,0.6241084165477889,0.3959731543624161,0.793010752688172,0.5282005371530886,0.6780587744023383,0.2697295983015635,0.6483594864479315,0.4149232914923291,0.8018867924528302,0.546875,0.6975001372545431,0.3041952480565998
LogisticRegression,"{'penalty': 'l1', 'C': 0.001, 'solver': 'saga', 'max_iter': 1000, 'class_weight': None}",1,0.7781740370898717,0.5927051671732523,0.5241935483870968,0.5563480741797431,0.697048230504228,0.4092050957554342,0.7646219686162625,0.562406015037594,0.5033647375504711,0.53125,0.681085571104202,0.374750408974533
LogisticRegression,"{'penalty': 'l1', 'C': 0.001, 'solver': 'saga', 'max_iter': 1000, 'class_weight': None}",2,0.7881597717546363,0.6279863481228669,0.4946236559139785,0.5533834586466165,0.694399206597766,0.417091068933754,0.7849500713266762,0.6265938069216758,0.4636118598382749,0.5329202168861348,0.6820969095505633,0.3972682629129404
LogisticRegression,"{'penalty': 'l1', 'C': 0.001, 'solver': 'saga', 'max_iter': 1000, 'class_weight': 'balanced'}",1,0.6704707560627675,0.4342105263157895,0.7983870967741935,0.5625,0.7113294707171939,0.3333539175970753,0.6793865905848787,0.4417040358744394,0.7954239569313594,0.5679961556943778,0.7164892710420988,0.3447126692551008
LogisticRegression,"{'penalty': 'l1', 'C': 0.001, 'solver': 'saga', 'max_iter': 1000, 'class_weight': 'balanced'}",2,0.6747503566333809,0.4375,0.7903225806451613,0.5632183908045977,0.7116661446915127,0.3366205951936247,0.6975748930099858,0.4588509316770186,0.7964959568733153,0.5822660098522167,0.7292373091835054,0.3710756235307062
LogisticRegression,"{'penalty': 'l1', 'C': 0.01, 'solver': 'liblinear', 'max_iter': 100, 'class_weight': None}",1,0.7831669044222539,0.5965909090909091,0.5645161290322581,0.580110497237569,0.7133260256811775,0.4341069626639757,0.7692582025677603,0.5689655172413793,0.5329744279946165,0.5503822098679638,0.6937070102127376,0.3954117372613057
LogisticRegression,"{'penalty': 'l1', 'C': 0.01, 'solver': 'liblinear', 'max_iter': 100, 'class_weight': None}",2,0.7788873038516405,0.595679012345679,0.5188172043010753,0.5545977011494252,0.6958163691408289,0.4084678034014939,0.7870898716119828,0.615262321144674,0.5215633423180593,0.5645514223194749,0.7021007788214932,0.4249139769579173
LogisticRegression,"{'penalty': 'l1', 'C': 0.01, 'solver': 'liblinear', 'max_iter': 100, 'class_weight': 'balanced'}",1,0.6754636233951498,0.437593984962406,0.782258064516129,0.5612343297974928,0.7095756341998121,0.3348965816368023,0.6915121255349501,0.4528593508500773,0.7886944818304172,0.5753559155621011,0.722585959983622,0.359845061738822
LogisticRegression,"{'penalty': 'l1', 'C': 0.01, 'solver': 'liblinear', 'max_iter': 100, 'class_weight': 'balanced'}",2,0.6790299572039943,0.4407294832826747,0.7795698924731183,0.5631067961165049,0.71114416953753,0.3390312077007211,0.7104136947218259,0.4719551282051282,0.793800539083558,0.5919597989949749,0.737103955283777,0.3892457150459987
LogisticRegression,"{'penalty': 'l1', 'C': 0.01, 'solver': 'liblinear', 'max_iter': 1000, 'class_weight': None}",1,0.7831669044222539,0.5965909090909091,0.5645161290322581,0.580110497237569,0.7133260256811775,0.4341069626639757,0.7692582025677603,0.5689655172413793,0.5329744279946165,0.5503822098679638,0.6937070102127376,0.3954117372613057
LogisticRegression,"{'penalty': 'l1', 'C': 0.01, 'solver': 'liblinear', 'max_iter': 1000, 'class_weight': None}",2,0.7796005706134094,0.5969230769230769,0.521505376344086,0.5566714490674318,0.6971604551623343,0.4109035428627375,0.7870898716119828,0.615262321144674,0.5215633423180593,0.5645514223194749,0.7021007788214932,0.4249139769579173
LogisticRegression,"{'penalty': 'l1', 'C': 0.01, 'solver': 'liblinear', 'max_iter': 1000, 'class_weight': 'balanced'}",1,0.6754636233951498,0.437593984962406,0.782258064516129,0.5612343297974928,0.7095756341998121,0.3348965816368023,0.6915121255349501,0.4528593508500773,0.7886944818304172,0.5753559155621011,0.722585959983622,0.359845061738822
LogisticRegression,"{'penalty': 'l1', 'C': 0.01, 'solver': 'liblinear', 'max_iter': 1000, 'class_weight': 'balanced'}",2,0.6797432239657631,0.441400304414003,0.7795698924731183,0.5636540330417882,0.7116296064307339,0.3400450804633852,0.7104136947218259,0.4719551282051282,0.793800539083558,0.5919597989949749,0.737103955283777,0.3892457150459987
LogisticRegression,"{'penalty': 'l1', 'C': 0.01, 'solver': 'saga', 'max_iter': 100, 'class_weight': None}",1,0.7617689015691869,0.553072625698324,0.532258064516129,0.5424657534246575,0.6884591293454432,0.3815043560495993,0.75,0.5299145299145299,0.5006729475100942,0.514878892733564,0.6702782495920194,0.3466732788053478
LogisticRegression,"{'penalty': 'l1', 'C': 0.01, 'solver': 'saga', 'max_iter': 100, 'class_weight': None}",2,0.7646219686162625,0.5644171779141104,0.4946236559139785,0.5272206303724929,0.6783797891220378,0.3714302793824349,0.761055634807418,0.560200668896321,0.4514824797843665,0.5,0.6619682040046954,0.3453912432646393
LogisticRegression,"{'penalty': 'l1', 'C': 0.01, 'solver': 'saga', 'max_iter': 100, 'class_weight': 'balanced'}",1,0.62339514978602,0.396551724137931,0.803763440860215,0.5310834813499111,0.6810079340223405,0.272601495957456,0.6362339514978602,0.4068594485541358,0.8142664872139973,0.5426008968609866,0.693159444480361,0.2926263554111828
LogisticRegression,"{'penalty': 'l1', 'C': 0.01, 'solver': 'saga', 'max_iter': 100, 'class_weight': 'balanced'}",2,0.6276747503566333,0.3991935483870967,0.7983870967741935,0.532258064516129,0.6822032571249608,0.2761874243395285,0.6522824536376605,0.4182456140350877,0.8032345013477089,0.5500692201199816,0.7005988219638641,0.3098944660296125
LogisticRegression,"{'penalty': 'l1', 'C': 0.01, 'solver': 'saga', 'max_iter': 1000, 'class_weight': None}",1,0.7788873038516405,0.5885714285714285,0.553763440860215,0.5706371191135733,0.7069788078087482,0.421927953139215,0.7635520684736091,0.556497175141243,0.5302826379542396,0.5430737422467264,0.6889647056826026,0.38370888800192
LogisticRegression,"{'penalty': 'l1', 'C': 0.01, 'solver': 'saga', 'max_iter': 1000, 'class_weight': None}",2,0.7838801711840229,0.6081504702194357,0.521505376344086,0.5615050651230101,0.7000730765215576,0.4192243856689353,0.7817403708987162,0.6079734219269103,0.4932614555256064,0.5446428571428572,0.6894047335823958,0.4031569194298291
LogisticRegression,"{'penalty': 'l1', 'C': 0.01, 'solver': 'saga', 'max_iter': 1000, 'class_weight': 'balanced'}",1,0.6697574893009985,0.4329896907216495,0.7903225806451613,0.5594671741198859,0.7082680864390855,0.3296410506379049,0.6861626248216833,0.4483018867924528,0.7994616419919246,0.5744680851063829,0.7223897244408919,0.3556921364005011
LogisticRegression,"{'penalty': 'l1', 'C': 0.01, 'solver': 'saga', 'max_iter': 1000, 'class_weight': 'balanced'}",2,0.6761768901569187,0.4386227544910179,0.7876344086021505,0.5634615384615385,0.7117783693496188,0.3377214157288406,0.7050641940085592,0.4664561957379637,0.7964959568733153,0.5883524141363863,0.734329452733457,0.3821201553527197
LogisticRegression,"{'penalty': 'l1', 'C': 0.1, 'solver': 'liblinear', 'max_iter': 100, 'class_weight': None}",1,0.8074179743223966,0.6574074074074074,0.5725806451612904,0.6120689655172413,0.7324068274350142,0.4847945384464625,0.7992154065620543,0.6415094339622641,0.5491251682368775,0.5917331399564901,0.7192496292421651,0.4596655280289702
LogisticRegression,"{'penalty': 'l1', 'C': 0.1, 'solver': 'liblinear', 'max_iter': 100, 'class_weight': None}",2,0.8024251069900142,0.6537216828478964,0.543010752688172,0.593245227606461,0.7195636287712704,0.4642402871703183,0.8031383737517832,0.6672535211267606,0.5107816711590296,0.5786259541984732,0.7095615436299513,0.4531347603528637
LogisticRegression,"{'penalty': 'l1', 'C': 0.1, 'solver': 'liblinear', 'max_iter': 100, 'class_weight': 'balanced'}",1,0.7289586305278174,0.4934210526315789,0.8064516129032258,0.6122448979591836,0.7537112433448168,0.4219234208036388,0.735734664764622,0.5008389261744967,0.8034993270524899,0.6170542635658915,0.7574022593535132,0.4314393387966598
LogisticRegression,"{'penalty': 'l1', 'C': 0.1, 'solver': 'liblinear', 'max_iter': 100, 'class_weight': 'balanced'}",2,0.7253922967189729,0.4891485809682804,0.7876344086021505,0.6035015447991761,0.7452735149806868,0.4105293736062362,0.753922967189729,0.5229276895943563,0.7991913746630728,0.6321961620469083,0.7684123701637381,0.459178721815104
LogisticRegression,"{'penalty': 'l1', 'C': 0.1, 'solver': 'liblinear', 'max_iter': 1000, 'class_weight': None}",1,0.8081312410841655,0.6594427244582043,0.5725806451612904,0.6129496402877698,0.7328922643282181,0.48624260637153,0.7995720399429387,0.6420722135007849,0.550471063257066,0.5927536231884057,0.7199225767522593,0.4608684823283969
LogisticRegression,"{'penalty': 'l1', 'C': 0.1, 'solver': 'liblinear', 'max_iter': 1000, 'class_weight': None}",2,0.8024251069900142,0.6537216828478964,0.543010752688172,0.593245227606461,0.7195636287712704,0.4642402871703183,0.8031383737517832,0.6672535211267606,0.5107816711590296,0.5786259541984732,0.7095615436299513,0.4531347603528637
LogisticRegression,"{'penalty': 'l1', 'C': 0.1, 'solver': 'liblinear', 'max_iter': 1000, 'class_weight': 'balanced'}",1,0.7289586305278174,0.4934210526315789,0.8064516129032258,0.6122448979591836,0.7537112433448168,0.4219234208036388,0.735734664764622,0.5008389261744967,0.8034993270524899,0.6170542635658915,0.7574022593535132,0.4314393387966598
LogisticRegression,"{'penalty': 'l1', 'C': 0.1, 'solver': 'liblinear', 'max_iter': 1000, 'class_weight': 'balanced'}",2,0.724679029957204,0.4882943143812709,0.7849462365591398,0.6020618556701032,0.7439294289591816,0.408573289560538,0.7535663338088445,0.5224669603524229,0.7991913746630728,0.6318593500266383,0.76816988713755,0.4585946895691477
LogisticRegression,"{'penalty': 'l1', 'C': 0.1, 'solver': 'saga', 'max_iter': 100, 'class_weight': None}",1,0.7617689015691869,0.5527777777777778,0.5349462365591398,0.5437158469945355,0.6893177784737446,0.3825775555625876,0.75,0.5297450424929179,0.5033647375504711,0.5162180814354727,0.6711389432536441,0.3478161041580951
LogisticRegression,"{'penalty': 'l1', 'C': 0.1, 'solver': 'saga', 'max_iter': 100, 'class_weight': None}",2,0.7660485021398002,0.5670731707317073,0.5,0.5314285714285715,0.6810679611650485,0.3763548187607816,0.7617689015691869,0.5614617940199336,0.4555256064690027,0.5029761904761905,0.6637472843208253,0.3485438270900749
LogisticRegression,"{'penalty': 'l1', 'C': 0.1, 'solver': 'saga', 'max_iter': 100, 'class_weight': 'balanced'}",1,0.6241084165477889,0.397078353253652,0.803763440860215,0.5315555555555554,0.6814933709155444,0.2735094167458196,0.6380171184022825,0.408355795148248,0.8156123822341858,0.5442299057027391,0.694802794707583,0.2954048291726949
LogisticRegression,"{'penalty': 'l1', 'C': 0.1, 'solver': 'saga', 'max_iter': 100, 'class_weight': 'balanced'}",2,0.6283880171184023,0.4,0.8010752688172043,0.5335720680393912,0.6835473431464663,0.2780438723246956,0.6533523537803139,0.4192415730337078,0.8045822102425876,0.5512465373961218,0.7017576424636799,0.311788554656173
LogisticRegression,"{'penalty': 'l1', 'C': 0.1, 'solver': 'saga', 'max_iter': 1000, 'class_weight': None}",1,0.7831669044222539,0.5994152046783626,0.5510752688172043,0.5742296918767508,0.7090327800396701,0.4291194513648906,0.7706847360912982,0.572463768115942,0.531628532974428,0.5512909979064899,0.6942470660990528,0.3975618753324654
LogisticRegression,"{'penalty': 'l1', 'C': 0.1, 'solver': 'saga', 'max_iter': 1000, 'class_weight': None}",2,0.782453637660485,0.6043613707165109,0.521505376344086,0.5598845598845599,0.6991022027351498,0.4164408088847402,0.7817403708987162,0.6072607260726073,0.4959568733153638,0.5459940652818991,0.6902674764248982,0.4042509463674211
LogisticRegression,"{'penalty': 'l1', 'C': 0.1, 'solver': 'saga', 'max_iter': 1000, 'class_weight': 'balanced'}",1,0.6726105563480742,0.4359351988217967,0.7956989247311828,0.5632730732635585,0.711927132268504,0.3354324886453529,0.6868758915834522,0.4488248673237301,0.7967698519515478,0.5741998060135791,0.7220142321378311,0.3558263170316503
LogisticRegression,"{'penalty': 'l1', 'C': 0.1, 'solver': 'saga', 'max_iter': 1000, 'class_weight': 'balanced'}",2,0.6790299572039943,0.4412650602409638,0.7876344086021505,0.5656370656370656,0.7137201169224345,0.341753820728338,0.7068473609129815,0.4683042789223455,0.7964959568733153,0.5898203592814371,0.7355418678643977,0.3847738954219615
LogisticRegression,"{'penalty': 'l1', 'C': 1, 'solver': 'liblinear', 'max_iter': 100, 'class_weight': None}",1,0.8102710413694721,0.6596385542168675,0.5887096774193549,0.6221590909090909,0.7395004697776387,0.4960378378378378,0.7988587731811697,0.637904468412943,0.5572005383580081,0.5948275862068966,0.7215891095477571,0.4618617277934799
LogisticRegression,"{'penalty': 'l1', 'C': 1, 'solver': 'liblinear', 'max_iter': 100, 'class_weight': None}",2,0.8009985734664765,0.6495176848874598,0.543010752688172,0.5915080527086383,0.7185927549848627,0.4613499095268129,0.8031383737517832,0.6621160409556314,0.522911051212938,0.5843373493975903,0.7134438864212119,0.4576873593245899
LogisticRegression,"{'penalty': 'l1', 'C': 1, 'solver': 'liblinear', 'max_iter': 100, 'class_weight': 'balanced'}",1,0.7275320970042796,0.4917491749174917,0.8010752688172043,0.6094069529652352,0.751023071301806,0.4180499232852182,0.7343081312410842,0.4991554054054054,0.7954239569313594,0.6133886870783603,0.7538497756515119,0.4267161084161845
LogisticRegression,"{'penalty': 'l1', 'C': 1, 'solver': 'liblinear', 'max_iter': 100, 'class_weight': 'balanced'}",2,0.724679029957204,0.4882943143812709,0.7849462365591398,0.6020618556701032,0.7439294289591816,0.408573289560538,0.7589158345221113,0.5290492957746479,0.8099730458221024,0.6400425985090521,0.775258103900382,0.4705426235332762
LogisticRegression,"{'penalty': 'l1', 'C': 1, 'solver': 'liblinear', 'max_iter': 1000, 'class_weight': None}",1,0.8102710413694721,0.6596385542168675,0.5887096774193549,0.6221590909090909,0.7395004697776387,0.4960378378378378,0.7985021398002853,0.6369230769230769,0.5572005383580081,0.5944005743000719,0.7213465088684752,0.4611492507666478
LogisticRegression,"{'penalty': 'l1', 'C': 1, 'solver': 'liblinear', 'max_iter': 1000, 'class_weight': None}",2,0.8017118402282454,0.6516129032258065,0.543010752688172,0.5923753665689149,0.7190781918780665,0.4627937876624343,0.8031383737517832,0.6621160409556314,0.522911051212938,0.5843373493975903,0.7134438864212119,0.4576873593245899
LogisticRegression,"{'penalty': 'l1', 'C': 1, 'solver': 'liblinear', 'max_iter': 1000, 'class_weight': 'balanced'}",1,0.7275320970042796,0.4917491749174917,0.8010752688172043,0.6094069529652352,0.751023071301806,0.4180499232852182,0.7346647646219686,0.4995773457311919,0.7954239569313594,0.6137071651090342,0.7540923763307937,0.4272784624904531
LogisticRegression,"{'penalty': 'l1', 'C': 1, 'solver': 'liblinear', 'max_iter': 1000, 'class_weight': 'balanced'}",2,0.724679029957204,0.4882943143812709,0.7849462365591398,0.6020618556701032,0.7439294289591816,0.408573289560538,0.7589158345221113,0.5290492957746479,0.8099730458221024,0.6400425985090521,0.775258103900382,0.4705426235332762
LogisticRegression,"{'penalty': 'l1', 'C': 1, 'solver': 'saga', 'max_iter': 100, 'class_weight': None}",1,0.7617689015691869,0.5527777777777778,0.5349462365591398,0.5437158469945355,0.6893177784737446,0.3825775555625876,0.75,0.5297450424929179,0.5033647375504711,0.5162180814354727,0.6711389432536441,0.3478161041580951
LogisticRegression,"{'penalty': 'l1', 'C': 1, 'solver': 'saga', 'max_iter': 100, 'class_weight': None}",2,0.7667617689015692,0.5683890577507599,0.5026881720430108,0.5335235378031384,0.6824120471865539,0.3788105026110192,0.7621255349500713,0.5621890547263682,0.4568733153638814,0.504089219330855,0.6644211387682647,0.3498175578336104
LogisticRegression,"{'penalty': 'l1', 'C': 1, 'solver': 'saga', 'max_iter': 100, 'class_weight': 'balanced'}",1,0.62339514978602,0.3962765957446808,0.8010752688172043,0.5302491103202847,0.6801492848940391,0.271659648156165,0.6383737517831669,0.4086311530681052,0.8156123822341858,0.5444743935309974,0.6950453953868648,0.295869256947681
LogisticRegression,"{'penalty': 'l1', 'C': 1, 'solver': 'saga', 'max_iter': 100, 'class_weight': 'balanced'}",2,0.6283880171184023,0.4,0.8010752688172043,0.5335720680393912,0.6835473431464663,0.2780438723246956,0.6533523537803139,0.4192415730337078,0.8045822102425876,0.5512465373961218,0.7017576424636799,0.311788554656173
LogisticRegression,"{'penalty': 'l1', 'C': 1, 'solver': 'saga', 'max_iter': 1000, 'class_weight': None}",1,0.7838801711840229,0.6011730205278593,0.5510752688172043,0.5750350631136044,0.709518216932874,0.4304954137295856,0.7699714693295292,0.5710144927536231,0.5302826379542396,0.5498953244940684,0.6933315179096767,0.3956880397969521
LogisticRegression,"{'penalty': 'l1', 'C': 1, 'solver': 'saga', 'max_iter': 1000, 'class_weight': None}",2,0.782453637660485,0.6043613707165109,0.521505376344086,0.5598845598845599,0.6991022027351498,0.4164408088847402,0.7810271041369472,0.6056105610561056,0.4946091644204852,0.5445103857566765,0.6893511389512708,0.4023040540352884
LogisticRegression,"{'penalty': 'l1', 'C': 1, 'solver': 'saga', 'max_iter': 1000, 'class_weight': 'balanced'}",1,0.6726105563480742,0.4359351988217967,0.7956989247311828,0.5632730732635585,0.711927132268504,0.3354324886453529,0.6861626248216833,0.4480667172100075,0.7954239569313594,0.5732298739088264,0.7210986839484551,0.3543589510112213
LogisticRegression,"{'penalty': 'l1', 'C': 1, 'solver': 'saga', 'max_iter': 1000, 'class_weight': 'balanced'}",2,0.6790299572039943,0.4412650602409638,0.7876344086021505,0.5656370656370656,0.7137201169224345,0.341753820728338,0.7072039942938659,0.4686756542426645,0.7964959568733153,0.5901148277583624,0.7357843508905859,0.3853057658458226
LogisticRegression,"{'penalty': 'l1', 'C': 10, 'solver': 'liblinear', 'max_iter': 100, 'class_weight': None}",1,0.8102710413694721,0.6586826347305389,0.5913978494623656,0.623229461756374,0.7403591189059401,0.4969324822342967,0.797432239657632,0.6335877862595419,0.5585464333781965,0.5937052932761088,0.7210490536614419,0.4594995964925736
LogisticRegression,"{'penalty': 'l1', 'C': 10, 'solver': 'liblinear', 'max_iter': 100, 'class_weight': None}",2,0.8002853067047075,0.6483870967741936,0.5403225806451613,0.5894428152492669,0.7172486689633574,0.4589289947679195,0.8017118402282454,0.6576271186440678,0.522911051212938,0.5825825825825827,0.7124739543164593,0.4547662280615856
LogisticRegression,"{'penalty': 'l1', 'C': 10, 'solver': 'liblinear', 'max_iter': 100, 'class_weight': 'balanced'}",1,0.7282453637660485,0.4925619834710744,0.8010752688172043,0.6100307062436029,0.7515085081950099,0.4191580563572029,0.7339514978601998,0.4987341772151898,0.7954239569313594,0.6130705394190871,0.75360717497223,0.4261541610039717
LogisticRegression,"{'penalty': 'l1', 'C': 10, 'solver': 'liblinear', 'max_iter': 100, 'class_weight': 'balanced'}",2,0.7261055634807418,0.4899665551839465,0.7876344086021505,0.6041237113402063,0.7457589518738909,0.4116376766612607,0.7585592011412268,0.5286343612334802,0.8086253369272237,0.6393180607352157,0.7745842494529427,0.4695638275518279
LogisticRegression,"{'penalty': 'l1', 'C': 10, 'solver': 'liblinear', 'max_iter': 1000, 'class_weight': None}",1,0.8088445078459344,0.655688622754491,0.5887096774193549,0.6203966005665723,0.738529595991231,0.493150019694705,0.7970756062767475,0.6330275229357798,0.5572005383580081,0.5926986399427344,0.7203761061513475,0.458305719128224
LogisticRegression,"{'penalty': 'l1', 'C': 10, 'solver': 'liblinear', 'max_iter': 1000, 'class_weight': None}",2,0.8002853067047075,0.6474358974358975,0.543010752688172,0.5906432748538012,0.718107318091659,0.4599086456441583,0.8024251069900142,0.6587837837837838,0.5256064690026954,0.5847076461769115,0.713821663211338,0.4572286310869851
LogisticRegression,"{'penalty': 'l1', 'C': 10, 'solver': 'liblinear', 'max_iter': 1000, 'class_weight': 'balanced'}",1,0.7275320970042796,0.4917491749174917,0.8010752688172043,0.6094069529652352,0.751023071301806,0.4180499232852182,0.7343081312410842,0.4991568296795953,0.7967698519515478,0.6137895282529808,0.7542801224823241,0.4271305244452245
LogisticRegression,"{'penalty': 'l1', 'C': 10, 'solver': 'liblinear', 'max_iter': 1000, 'class_weight': 'balanced'}",2,0.7268188302425107,0.490787269681742,0.7876344086021505,0.6047471620227038,0.7462443887670946,0.4127475748329451,0.7585592011412268,0.5286343612334802,0.8086253369272237,0.6393180607352157,0.7745842494529427,0.4695638275518279
LogisticRegression,"{'penalty': 'l1', 'C': 10, 'solver': 'saga', 'max_iter': 100, 'class_weight': None}",1,0.7617689015691869,0.5527777777777778,0.5349462365591398,0.5437158469945355,0.6893177784737446,0.3825775555625876,0.75,0.5297450424929179,0.5033647375504711,0.5162180814354727,0.6711389432536441,0.3478161041580951
LogisticRegression,"{'penalty': 'l1', 'C': 10, 'solver': 'saga', 'max_iter': 100, 'class_weight': None}",2,0.7667617689015692,0.5683890577507599,0.5026881720430108,0.5335235378031384,0.6824120471865539,0.3788105026110192,0.7621255349500713,0.5621890547263682,0.4568733153638814,0.504089219330855,0.6644211387682647,0.3498175578336104
LogisticRegression,"{'penalty': 'l1', 'C': 10, 'solver': 'saga', 'max_iter': 100, 'class_weight': 'balanced'}",1,0.62339514978602,0.3962765957446808,0.8010752688172043,0.5302491103202847,0.6801492848940391,0.271659648156165,0.6383737517831669,0.4086311530681052,0.8156123822341858,0.5444743935309974,0.6950453953868648,0.295869256947681
LogisticRegression,"{'penalty': 'l1', 'C': 10, 'solver': 'saga', 'max_iter': 100, 'class_weight': 'balanced'}",2,0.6283880171184023,0.4,0.8010752688172043,0.5335720680393912,0.6835473431464663,0.2780438723246956,0.6533523537803139,0.4192415730337078,0.8045822102425876,0.5512465373961218,0.7017576424636799,0.311788554656173
LogisticRegression,"{'penalty': 'l1', 'C': 10, 'solver': 'saga', 'max_iter': 1000, 'class_weight': None}",1,0.7838801711840229,0.6011730205278593,0.5510752688172043,0.5750350631136044,0.709518216932874,0.4304954137295856,0.7699714693295292,0.5710144927536231,0.5302826379542396,0.5498953244940684,0.6933315179096767,0.3956880397969521
LogisticRegression,"{'penalty': 'l1', 'C': 10, 'solver': 'saga', 'max_iter': 1000, 'class_weight': None}",2,0.7817403708987162,0.6024844720496895,0.521505376344086,0.5590778097982708,0.6986167658419459,0.4150527664912328,0.7810271041369472,0.6056105610561056,0.4946091644204852,0.5445103857566765,0.6893511389512708,0.4023040540352884
LogisticRegression,"{'penalty': 'l1', 'C': 10, 'solver': 'saga', 'max_iter': 1000, 'class_weight': 'balanced'}",1,0.6726105563480742,0.4359351988217967,0.7956989247311828,0.5632730732635585,0.711927132268504,0.3354324886453529,0.6861626248216833,0.4480667172100075,0.7954239569313594,0.5732298739088264,0.7210986839484551,0.3543589510112213
LogisticRegression,"{'penalty': 'l1', 'C': 10, 'solver': 'saga', 'max_iter': 1000, 'class_weight': 'balanced'}",2,0.6790299572039943,0.4412650602409638,0.7876344086021505,0.5656370656370656,0.7137201169224345,0.341753820728338,0.7072039942938659,0.4686756542426645,0.7964959568733153,0.5901148277583624,0.7357843508905859,0.3853057658458226
LogisticRegression,"{'penalty': 'l2', 'C': 0.001, 'solver': 'liblinear', 'max_iter': 100, 'class_weight': None}",1,0.8002853067047075,0.6402439024390244,0.5645161290322581,0.6,0.7249765111180707,0.4676199672348136,0.7860199714693296,0.6133122028526149,0.5208613728129206,0.5633187772925765,0.7012361206616762,0.4228532810983076
LogisticRegression,"{'penalty': 'l2', 'C': 0.001, 'solver': 'liblinear', 'max_iter': 100, 'class_weight': None}",2,0.8002853067047075,0.6533333333333333,0.5268817204301075,0.5833333333333333,0.7129554233218498,0.4539769439622558,0.7988587731811697,0.6583629893238434,0.4986522911051212,0.5674846625766871,0.7027694045244326,0.4396784589612842
LogisticRegression,"{'penalty': 'l2', 'C': 0.001, 'solver': 'liblinear', 'max_iter': 100, 'class_weight': 'balanced'}",1,0.7047075606276747,0.4663461538461538,0.782258064516129,0.5843373493975904,0.7294785468211713,0.3773140400113287,0.7139800285306704,0.4758394758394758,0.7819650067294751,0.5916496945010183,0.7357180686243203,0.3910042923104004
LogisticRegression,"{'penalty': 'l2', 'C': 0.001, 'solver': 'liblinear', 'max_iter': 100, 'class_weight': 'balanced'}",2,0.7089871611982882,0.4706840390879478,0.7768817204301075,0.5862068965517241,0.7306738699237916,0.3819758069744025,0.735734664764622,0.5004240882103478,0.7951482479784366,0.614263404476835,0.7547516215643879,0.4286909983590186
LogisticRegression,"{'penalty': 'l2', 'C': 0.001, 'solver': 'liblinear', 'max_iter': 1000, 'class_weight': None}",1,0.8002853067047075,0.6402439024390244,0.5645161290322581,0.6,0.7249765111180707,0.4676199672348136,0.7860199714693296,0.6133122028526149,0.5208613728129206,0.5633187772925765,0.7012361206616762,0.4228532810983076
LogisticRegression,"{'penalty': 'l2', 'C': 0.001, 'solver': 'liblinear', 'max_iter': 1000, 'class_weight': None}",2,0.8002853067047075,0.6533333333333333,0.5268817204301075,0.5833333333333333,0.7129554233218498,0.4539769439622558,0.7988587731811697,0.6583629893238434,0.4986522911051212,0.5674846625766871,0.7027694045244326,0.4396784589612842
LogisticRegression,"{'penalty': 'l2', 'C': 0.001, 'solver': 'liblinear', 'max_iter': 1000, 'class_weight': 'balanced'}",1,0.7047075606276747,0.4663461538461538,0.782258064516129,0.5843373493975904,0.7294785468211713,0.3773140400113287,0.7139800285306704,0.4758394758394758,0.7819650067294751,0.5916496945010183,0.7357180686243203,0.3910042923104004
LogisticRegression,"{'penalty': 'l2', 'C': 0.001, 'solver': 'liblinear', 'max_iter': 1000, 'class_weight': 'balanced'}",2,0.7089871611982882,0.4706840390879478,0.7768817204301075,0.5862068965517241,0.7306738699237916,0.3819758069744025,0.735734664764622,0.5004240882103478,0.7951482479784366,0.614263404476835,0.7547516215643879,0.4286909983590186
LogisticRegression,"{'penalty': 'l2', 'C': 0.001, 'solver': 'saga', 'max_iter': 100, 'class_weight': None}",1,0.7617689015691869,0.5527777777777778,0.5349462365591398,0.5437158469945355,0.6893177784737446,0.3825775555625876,0.75,0.5297450424929179,0.5033647375504711,0.5162180814354727,0.6711389432536441,0.3478161041580951
LogisticRegression,"{'penalty': 'l2', 'C': 0.001, 'solver': 'saga', 'max_iter': 100, 'class_weight': None}",2,0.7667617689015692,0.5683890577507599,0.5026881720430108,0.5335235378031384,0.6824120471865539,0.3788105026110192,0.7621255349500713,0.5621890547263682,0.4568733153638814,0.504089219330855,0.6644211387682647,0.3498175578336104
LogisticRegression,"{'penalty': 'l2', 'C': 0.001, 'solver': 'saga', 'max_iter': 100, 'class_weight': 'balanced'}",1,0.62339514978602,0.3962765957446808,0.8010752688172043,0.5302491103202847,0.6801492848940391,0.271659648156165,0.6383737517831669,0.4086311530681052,0.8156123822341858,0.5444743935309974,0.6950453953868648,0.295869256947681
LogisticRegression,"{'penalty': 'l2', 'C': 0.001, 'solver': 'saga', 'max_iter': 100, 'class_weight': 'balanced'}",2,0.6283880171184023,0.4,0.8010752688172043,0.5335720680393912,0.6835473431464663,0.2780438723246956,0.6529957203994294,0.4188334504567814,0.8032345013477089,0.5505773672055427,0.7010837880162405,0.3108508161805418
LogisticRegression,"{'penalty': 'l2', 'C': 0.001, 'solver': 'saga', 'max_iter': 1000, 'class_weight': None}",1,0.7831669044222539,0.5994152046783626,0.5510752688172043,0.5742296918767508,0.7090327800396701,0.4291194513648906,0.7703281027104137,0.5716353111432706,0.531628532974428,0.5509065550906556,0.694004465419771,0.3968905618030065
LogisticRegression,"{'penalty': 'l2', 'C': 0.001, 'solver': 'saga', 'max_iter': 1000, 'class_weight': None}",2,0.7831669044222539,0.60625,0.521505376344086,0.560693641618497,0.6995876396283538,0.4178313463660901,0.7820970042796006,0.6082644628099173,0.4959568733153638,0.546399406087602,0.6905099594510864,0.4049517082712783
LogisticRegression,"{'penalty': 'l2', 'C': 0.001, 'solver': 'saga', 'max_iter': 1000, 'class_weight': 'balanced'}",1,0.6718972895863052,0.4351032448377581,0.793010752688172,0.5619047619047619,0.7105830462469986,0.3335317484922514,0.6872325249643366,0.4491654021244309,0.7967698519515478,0.5744784085395439,0.7222568328171131,0.3563380252197621
LogisticRegression,"{'penalty': 'l2', 'C': 0.001, 'solver': 'saga', 'max_iter': 1000, 'class_weight': 'balanced'}",2,0.6783166904422254,0.4406015037593985,0.7876344086021505,0.5650916104146576,0.7132346800292306,0.3407436446553799,0.706490727532097,0.4679334916864608,0.7964959568733153,0.5895261845386532,0.7352993848382096,0.3842423996618751
LogisticRegression,"{'penalty': 'l2', 'C': 0.01, 'solver': 'liblinear', 'max_iter': 100, 'class_weight': None}",1,0.8095577746077033,0.6605504587155964,0.5806451612903226,0.6180257510729614,0.7364390854995302,0.4918841878079569,0.8002853067047075,0.6478190630048465,0.5397039030955586,0.5888399412628488,0.7169650034643247,0.4583911363562676
LogisticRegression,"{'penalty': 'l2', 'C': 0.01, 'solver': 'liblinear', 'max_iter': 100, 'class_weight': None}",2,0.8074179743223966,0.6666666666666666,0.5483870967741935,0.6017699115044248,0.7246789852803006,0.4763533141880115,0.8042082738944365,0.6732495511669659,0.5053908355795148,0.5773672055427251,0.708563507023511,0.4533022137873037
LogisticRegression,"{'penalty': 'l2', 'C': 0.01, 'solver': 'liblinear', 'max_iter': 100, 'class_weight': 'balanced'}",1,0.7310984308131241,0.4958263772954925,0.7983870967741935,0.611740473738414,0.7525916066395241,0.4227781138949378,0.7453637660485022,0.5126416739319966,0.7913862718707941,0.6222222222222222,0.7600793562168138,0.4431181396549432
LogisticRegression,"{'penalty': 'l2', 'C': 0.01, 'solver': 'liblinear', 'max_iter': 100, 'class_weight': 'balanced'}",2,0.7346647646219686,0.5,0.7849462365591398,0.6108786610878661,0.7507255454640359,0.4242274369187561,0.7596291012838802,0.530741410488246,0.7911051212938005,0.6352813852813853,0.7697038700552417,0.4662046587927991
LogisticRegression,"{'penalty': 'l2', 'C': 0.01, 'solver': 'liblinear', 'max_iter': 1000, 'class_weight': None}",1,0.8095577746077033,0.6605504587155964,0.5806451612903226,0.6180257510729614,0.7364390854995302,0.4918841878079569,0.8002853067047075,0.6478190630048465,0.5397039030955586,0.5888399412628488,0.7169650034643247,0.4583911363562676
LogisticRegression,"{'penalty': 'l2', 'C': 0.01, 'solver': 'liblinear', 'max_iter': 1000, 'class_weight': None}",2,0.8074179743223966,0.6666666666666666,0.5483870967741935,0.6017699115044248,0.7246789852803006,0.4763533141880115,0.8042082738944365,0.6732495511669659,0.5053908355795148,0.5773672055427251,0.708563507023511,0.4533022137873037
LogisticRegression,"{'penalty': 'l2', 'C': 0.01, 'solver': 'liblinear', 'max_iter': 1000, 'class_weight': 'balanced'}",1,0.7310984308131241,0.4958263772954925,0.7983870967741935,0.611740473738414,0.7525916066395241,0.4227781138949378,0.7453637660485022,0.5126416739319966,0.7913862718707941,0.6222222222222222,0.7600793562168138,0.4431181396549432
LogisticRegression,"{'penalty': 'l2', 'C': 0.01, 'solver': 'liblinear', 'max_iter': 1000, 'class_weight': 'balanced'}",2,0.7346647646219686,0.5,0.7849462365591398,0.6108786610878661,0.7507255454640359,0.4242274369187561,0.7596291012838802,0.530741410488246,0.7911051212938005,0.6352813852813853,0.7697038700552417,0.4662046587927991
LogisticRegression,"{'penalty': 'l2', 'C': 0.01, 'solver': 'saga', 'max_iter': 100, 'class_weight': None}",1,0.7617689015691869,0.5527777777777778,0.5349462365591398,0.5437158469945355,0.6893177784737446,0.3825775555625876,0.75,0.5297450424929179,0.5033647375504711,0.5162180814354727,0.6711389432536441,0.3478161041580951
LogisticRegression,"{'penalty': 'l2', 'C': 0.01, 'solver': 'saga', 'max_iter': 100, 'class_weight': None}",2,0.7667617689015692,0.5683890577507599,0.5026881720430108,0.5335235378031384,0.6824120471865539,0.3788105026110192,0.7621255349500713,0.5621890547263682,0.4568733153638814,0.504089219330855,0.6644211387682647,0.3498175578336104
LogisticRegression,"{'penalty': 'l2', 'C': 0.01, 'solver': 'saga', 'max_iter': 100, 'class_weight': 'balanced'}",1,0.62339514978602,0.3962765957446808,0.8010752688172043,0.5302491103202847,0.6801492848940391,0.271659648156165,0.6383737517831669,0.4086311530681052,0.8156123822341858,0.5444743935309974,0.6950453953868648,0.295869256947681
LogisticRegression,"{'penalty': 'l2', 'C': 0.01, 'solver': 'saga', 'max_iter': 100, 'class_weight': 'balanced'}",2,0.6283880171184023,0.4,0.8010752688172043,0.5335720680393912,0.6835473431464663,0.2780438723246956,0.6533523537803139,0.4192415730337078,0.8045822102425876,0.5512465373961218,0.7017576424636799,0.311788554656173
LogisticRegression,"{'penalty': 'l2', 'C': 0.01, 'solver': 'saga', 'max_iter': 1000, 'class_weight': None}",1,0.7838801711840229,0.6011730205278593,0.5510752688172043,0.5750350631136044,0.709518216932874,0.4304954137295856,0.7699714693295292,0.5710144927536231,0.5302826379542396,0.5498953244940684,0.6933315179096767,0.3956880397969521
LogisticRegression,"{'penalty': 'l2', 'C': 0.01, 'solver': 'saga', 'max_iter': 1000, 'class_weight': None}",2,0.782453637660485,0.6043613707165109,0.521505376344086,0.5598845598845599,0.6991022027351498,0.4164408088847402,0.7810271041369472,0.6056105610561056,0.4946091644204852,0.5445103857566765,0.6893511389512708,0.4023040540352884
LogisticRegression,"{'penalty': 'l2', 'C': 0.01, 'solver': 'saga', 'max_iter': 1000, 'class_weight': 'balanced'}",1,0.6726105563480742,0.4359351988217967,0.7956989247311828,0.5632730732635585,0.711927132268504,0.3354324886453529,0.6865192582025678,0.4484066767830045,0.7954239569313594,0.5735080058224163,0.721341284627737,0.3548701529853715
LogisticRegression,"{'penalty': 'l2', 'C': 0.01, 'solver': 'saga', 'max_iter': 1000, 'class_weight': 'balanced'}",2,0.6790299572039943,0.4412650602409638,0.7876344086021505,0.5656370656370656,0.7137201169224345,0.341753820728338,0.7072039942938659,0.4686756542426645,0.7964959568733153,0.5901148277583624,0.7357843508905859,0.3853057658458226
LogisticRegression,"{'penalty': 'l2', 'C': 0.1, 'solver': 'liblinear', 'max_iter': 100, 'class_weight': None}",1,0.81169757489301,0.6636363636363637,0.5887096774193549,0.6239316239316239,0.7404713435640464,0.4989359455464041,0.8002853067047075,0.6431924882629108,0.5531628532974427,0.5947901591895803,0.7212684717724478,0.4632711392704474
LogisticRegression,"{'penalty': 'l2', 'C': 0.1, 'solver': 'liblinear', 'max_iter': 100, 'class_weight': None}",2,0.8038516405135521,0.6579804560260586,0.543010752688172,0.5949926362297496,0.7205345025576783,0.4671411789095432,0.8042082738944365,0.6649572649572649,0.5242587601078167,0.586284853051997,0.7146027069210277,0.4603851417290154
LogisticRegression,"{'penalty': 'l2', 'C': 0.1, 'solver': 'liblinear', 'max_iter': 100, 'class_weight': 'balanced'}",1,0.7332382310984308,0.4983388704318937,0.8064516129032258,0.6160164271047228,0.7566238647040401,0.4286031863653206,0.7360912981455064,0.5012787723785166,0.7913862718707941,0.6137787056367432,0.7537717385554843,0.4282889722944873
LogisticRegression,"{'penalty': 'l2', 'C': 0.1, 'solver': 'liblinear', 'max_iter': 100, 'class_weight': 'balanced'}",2,0.7296718972895863,0.4940978077571669,0.7876344086021505,0.6072538860103627,0.7481861363399103,0.4172031877578865,0.7589158345221113,0.5292553191489362,0.8045822102425876,0.6385026737967914,0.7735326182153772,0.4689762904227114
LogisticRegression,"{'penalty': 'l2', 'C': 0.1, 'solver': 'liblinear', 'max_iter': 1000, 'class_weight': None}",1,0.81169757489301,0.6636363636363637,0.5887096774193549,0.6239316239316239,0.7404713435640464,0.4989359455464041,0.8002853067047075,0.6431924882629108,0.5531628532974427,0.5947901591895803,0.7212684717724478,0.4632711392704474
LogisticRegression,"{'penalty': 'l2', 'C': 0.1, 'solver': 'liblinear', 'max_iter': 1000, 'class_weight': None}",2,0.8038516405135521,0.6579804560260586,0.543010752688172,0.5949926362297496,0.7205345025576783,0.4671411789095432,0.8042082738944365,0.6649572649572649,0.5242587601078167,0.586284853051997,0.7146027069210277,0.4603851417290154
LogisticRegression,"{'penalty': 'l2', 'C': 0.1, 'solver': 'liblinear', 'max_iter': 1000, 'class_weight': 'balanced'}",1,0.7332382310984308,0.4983388704318937,0.8064516129032258,0.6160164271047228,0.7566238647040401,0.4286031863653206,0.7360912981455064,0.5012787723785166,0.7913862718707941,0.6137787056367432,0.7537717385554843,0.4282889722944873
LogisticRegression,"{'penalty': 'l2', 'C': 0.1, 'solver': 'liblinear', 'max_iter': 1000, 'class_weight': 'balanced'}",2,0.7296718972895863,0.4940978077571669,0.7876344086021505,0.6072538860103627,0.7481861363399103,0.4172031877578865,0.7589158345221113,0.5292553191489362,0.8045822102425876,0.6385026737967914,0.7735326182153772,0.4689762904227114
LogisticRegression,"{'penalty': 'l2', 'C': 0.1, 'solver': 'saga', 'max_iter': 100, 'class_weight': None}",1,0.7617689015691869,0.5527777777777778,0.5349462365591398,0.5437158469945355,0.6893177784737446,0.3825775555625876,0.75,0.5297450424929179,0.5033647375504711,0.5162180814354727,0.6711389432536441,0.3478161041580951
LogisticRegression,"{'penalty': 'l2', 'C': 0.1, 'solver': 'saga', 'max_iter': 100, 'class_weight': None}",2,0.7667617689015692,0.5683890577507599,0.5026881720430108,0.5335235378031384,0.6824120471865539,0.3788105026110192,0.7621255349500713,0.5621890547263682,0.4568733153638814,0.504089219330855,0.6644211387682647,0.3498175578336104
LogisticRegression,"{'penalty': 'l2', 'C': 0.1, 'solver': 'saga', 'max_iter': 100, 'class_weight': 'balanced'}",1,0.62339514978602,0.3962765957446808,0.8010752688172043,0.5302491103202847,0.6801492848940391,0.271659648156165,0.6383737517831669,0.4086311530681052,0.8156123822341858,0.5444743935309974,0.6950453953868648,0.295869256947681
LogisticRegression,"{'penalty': 'l2', 'C': 0.1, 'solver': 'saga', 'max_iter': 100, 'class_weight': 'balanced'}",2,0.6283880171184023,0.4,0.8010752688172043,0.5335720680393912,0.6835473431464663,0.2780438723246956,0.6533523537803139,0.4192415730337078,0.8045822102425876,0.5512465373961218,0.7017576424636799,0.311788554656173
LogisticRegression,"{'penalty': 'l2', 'C': 0.1, 'solver': 'saga', 'max_iter': 1000, 'class_weight': None}",1,0.7838801711840229,0.6011730205278593,0.5510752688172043,0.5750350631136044,0.709518216932874,0.4304954137295856,0.7699714693295292,0.5710144927536231,0.5302826379542396,0.5498953244940684,0.6933315179096767,0.3956880397969521
LogisticRegression,"{'penalty': 'l2', 'C': 0.1, 'solver': 'saga', 'max_iter': 1000, 'class_weight': None}",2,0.7817403708987162,0.6024844720496895,0.521505376344086,0.5590778097982708,0.6986167658419459,0.4150527664912328,0.7810271041369472,0.6056105610561056,0.4946091644204852,0.5445103857566765,0.6893511389512708,0.4023040540352884
LogisticRegression,"{'penalty': 'l2', 'C': 0.1, 'solver': 'saga', 'max_iter': 1000, 'class_weight': 'balanced'}",1,0.6726105563480742,0.4359351988217967,0.7956989247311828,0.5632730732635585,0.711927132268504,0.3354324886453529,0.6861626248216833,0.4480667172100075,0.7954239569313594,0.5732298739088264,0.7210986839484551,0.3543589510112213
LogisticRegression,"{'penalty': 'l2', 'C': 0.1, 'solver': 'saga', 'max_iter': 1000, 'class_weight': 'balanced'}",2,0.6790299572039943,0.4412650602409638,0.7876344086021505,0.5656370656370656,0.7137201169224345,0.341753820728338,0.7072039942938659,0.4686756542426645,0.7964959568733153,0.5901148277583624,0.7357843508905859,0.3853057658458226
LogisticRegression,"{'penalty': 'l2', 'C': 1, 'solver': 'liblinear', 'max_iter': 100, 'class_weight': None}",1,0.8088445078459344,0.6566265060240963,0.5860215053763441,0.6193181818181818,0.7376709468629292,0.4922486486486487,0.7988587731811697,0.6370597243491577,0.5598923283983849,0.5959885386819485,0.7224498032093817,0.4628253962431038
LogisticRegression,"{'penalty': 'l2', 'C': 1, 'solver': 'liblinear', 'max_iter': 100, 'class_weight': None}",2,0.8038516405135521,0.6559485530546624,0.5483870967741935,0.5973645680819911,0.7222518008142811,0.4690724914690808,0.8038516405135521,0.6621621621621622,0.5283018867924528,0.5877061469265367,0.715654338158593,0.4611475579383426
LogisticRegression,"{'penalty': 'l2', 'C': 1, 'solver': 'liblinear', 'max_iter': 100, 'class_weight': 'balanced'}",1,0.7303851640513552,0.4950166112956811,0.8010752688172043,0.6119096509240246,0.7529648188746214,0.4224919904975699,0.735021398002853,0.5,0.7940780619111709,0.6136245449817993,0.7539046301792633,0.4274267220577517
LogisticRegression,"{'penalty': 'l2', 'C': 1, 'solver': 'liblinear', 'max_iter': 100, 'class_weight': 'balanced'}",2,0.7261055634807418,0.4899328859060403,0.7849462365591398,0.6033057851239669,0.7449003027455892,0.4107902708949866,0.760342368045649,0.5308641975308642,0.8113207547169812,0.6417910447761194,0.7766594074263858,0.4732871029851447
LogisticRegression,"{'penalty': 'l2', 'C': 1, 'solver': 'liblinear', 'max_iter': 1000, 'class_weight': None}",1,0.8088445078459344,0.6566265060240963,0.5860215053763441,0.6193181818181818,0.7376709468629292,0.4922486486486487,0.7988587731811697,0.6370597243491577,0.5598923283983849,0.5959885386819485,0.7224498032093817,0.4628253962431038
LogisticRegression,"{'penalty': 'l2', 'C': 1, 'solver': 'liblinear', 'max_iter': 1000, 'class_weight': None}",2,0.8038516405135521,0.6559485530546624,0.5483870967741935,0.5973645680819911,0.7222518008142811,0.4690724914690808,0.8038516405135521,0.6621621621621622,0.5283018867924528,0.5877061469265367,0.715654338158593,0.4611475579383426
LogisticRegression,"{'penalty': 'l2', 'C': 1, 'solver': 'liblinear', 'max_iter': 1000, 'class_weight': 'balanced'}",1,0.7303851640513552,0.4950166112956811,0.8010752688172043,0.6119096509240246,0.7529648188746214,0.4224919904975699,0.735021398002853,0.5,0.7940780619111709,0.6136245449817993,0.7539046301792633,0.4274267220577517
LogisticRegression,"{'penalty': 'l2', 'C': 1, 'solver': 'liblinear', 'max_iter': 1000, 'class_weight': 'balanced'}",2,0.7261055634807418,0.4899328859060403,0.7849462365591398,0.6033057851239669,0.7449003027455892,0.4107902708949866,0.760342368045649,0.5308641975308642,0.8113207547169812,0.6417910447761194,0.7766594074263858,0.4732871029851447
LogisticRegression,"{'penalty': 'l2', 'C': 1, 'solver': 'saga', 'max_iter': 100, 'class_weight': None}",1,0.7617689015691869,0.5527777777777778,0.5349462365591398,0.5437158469945355,0.6893177784737446,0.3825775555625876,0.75,0.5297450424929179,0.5033647375504711,0.5162180814354727,0.6711389432536441,0.3478161041580951
LogisticRegression,"{'penalty': 'l2', 'C': 1, 'solver': 'saga', 'max_iter': 100, 'class_weight': None}",2,0.7667617689015692,0.5683890577507599,0.5026881720430108,0.5335235378031384,0.6824120471865539,0.3788105026110192,0.7621255349500713,0.5621890547263682,0.4568733153638814,0.504089219330855,0.6644211387682647,0.3498175578336104
LogisticRegression,"{'penalty': 'l2', 'C': 1, 'solver': 'saga', 'max_iter': 100, 'class_weight': 'balanced'}",1,0.62339514978602,0.3962765957446808,0.8010752688172043,0.5302491103202847,0.6801492848940391,0.271659648156165,0.6383737517831669,0.4086311530681052,0.8156123822341858,0.5444743935309974,0.6950453953868648,0.295869256947681
LogisticRegression,"{'penalty': 'l2', 'C': 1, 'solver': 'saga', 'max_iter': 100, 'class_weight': 'balanced'}",2,0.6283880171184023,0.4,0.8010752688172043,0.5335720680393912,0.6835473431464663,0.2780438723246956,0.6533523537803139,0.4192415730337078,0.8045822102425876,0.5512465373961218,0.7017576424636799,0.311788554656173
LogisticRegression,"{'penalty': 'l2', 'C': 1, 'solver': 'saga', 'max_iter': 1000, 'class_weight': None}",1,0.7838801711840229,0.6011730205278593,0.5510752688172043,0.5750350631136044,0.709518216932874,0.4304954137295856,0.7699714693295292,0.5710144927536231,0.5302826379542396,0.5498953244940684,0.6933315179096767,0.3956880397969521
LogisticRegression,"{'penalty': 'l2', 'C': 1, 'solver': 'saga', 'max_iter': 1000, 'class_weight': None}",2,0.7817403708987162,0.6024844720496895,0.521505376344086,0.5590778097982708,0.6986167658419459,0.4150527664912328,0.7810271041369472,0.6056105610561056,0.4946091644204852,0.5445103857566765,0.6893511389512708,0.4023040540352884
LogisticRegression,"{'penalty': 'l2', 'C': 1, 'solver': 'saga', 'max_iter': 1000, 'class_weight': 'balanced'}",1,0.6726105563480742,0.4359351988217967,0.7956989247311828,0.5632730732635585,0.711927132268504,0.3354324886453529,0.6861626248216833,0.4480667172100075,0.7954239569313594,0.5732298739088264,0.7210986839484551,0.3543589510112213
LogisticRegression,"{'penalty': 'l2', 'C': 1, 'solver': 'saga', 'max_iter': 1000, 'class_weight': 'balanced'}",2,0.6790299572039943,0.4412650602409638,0.7876344086021505,0.5656370656370656,0.7137201169224345,0.341753820728338,0.7072039942938659,0.4686756542426645,0.7964959568733153,0.5901148277583624,0.7357843508905859,0.3853057658458226
LogisticRegression,"{'penalty': 'l2', 'C': 10, 'solver': 'liblinear', 'max_iter': 100, 'class_weight': None}",1,0.8081312410841655,0.6546546546546547,0.5860215053763441,0.6184397163120567,0.7371855099697254,0.4908068231221427,0.7985021398002853,0.636085626911315,0.5598923283983849,0.595561918396564,0.7222072025300998,0.4621137632819799
LogisticRegression,"{'penalty': 'l2', 'C': 10, 'solver': 'liblinear', 'max_iter': 100, 'class_weight': None}",2,0.8038516405135521,0.656957928802589,0.5456989247311828,0.5961820851688692,0.7213931516859797,0.4681085883459839,0.8038516405135521,0.6610738255033557,0.5309973045822103,0.5889387144992526,0.7165170810010955,0.4621398338778664
LogisticRegression,"{'penalty': 'l2', 'C': 10, 'solver': 'liblinear', 'max_iter': 100, 'class_weight': 'balanced'}",1,0.7282453637660485,0.4925619834710744,0.8010752688172043,0.6100307062436029,0.7515085081950099,0.4191580563572029,0.7343081312410842,0.4991525423728813,0.7927321668909825,0.6125845033801351,0.7529890819898871,0.4258854750108009
LogisticRegression,"{'penalty': 'l2', 'C': 10, 'solver': 'liblinear', 'max_iter': 100, 'class_weight': 'balanced'}",2,0.7253922967189729,0.4891122278056951,0.7849462365591398,0.6026831785345717,0.7444148658523854,0.4096809825344226,0.7596291012838802,0.5299295774647887,0.8113207547169812,0.6411075612353568,0.7761744413740095,0.4721090654754855
LogisticRegression,"{'penalty': 'l2', 'C': 10, 'solver': 'liblinear', 'max_iter': 1000, 'class_weight': None}",1,0.8081312410841655,0.6546546546546547,0.5860215053763441,0.6184397163120567,0.7371855099697254,0.4908068231221427,0.7985021398002853,0.636085626911315,0.5598923283983849,0.595561918396564,0.7222072025300998,0.4621137632819799
LogisticRegression,"{'penalty': 'l2', 'C': 10, 'solver': 'liblinear', 'max_iter': 1000, 'class_weight': None}",2,0.8038516405135521,0.656957928802589,0.5456989247311828,0.5961820851688692,0.7213931516859797,0.4681085883459839,0.8038516405135521,0.6610738255033557,0.5309973045822103,0.5889387144992526,0.7165170810010955,0.4621398338778664
LogisticRegression,"{'penalty': 'l2', 'C': 10, 'solver': 'liblinear', 'max_iter': 1000, 'class_weight': 'balanced'}",1,0.7282453637660485,0.4925619834710744,0.8010752688172043,0.6100307062436029,0.7515085081950099,0.4191580563572029,0.7343081312410842,0.4991525423728813,0.7927321668909825,0.6125845033801351,0.7529890819898871,0.4258854750108009
LogisticRegression,"{'penalty': 'l2', 'C': 10, 'solver': 'liblinear', 'max_iter': 1000, 'class_weight': 'balanced'}",2,0.7253922967189729,0.4891122278056951,0.7849462365591398,0.6026831785345717,0.7444148658523854,0.4096809825344226,0.7596291012838802,0.5299295774647887,0.8113207547169812,0.6411075612353568,0.7761744413740095,0.4721090654754855
LogisticRegression,"{'penalty': 'l2', 'C': 10, 'solver': 'saga', 'max_iter': 100, 'class_weight': None}",1,0.7617689015691869,0.5527777777777778,0.5349462365591398,0.5437158469945355,0.6893177784737446,0.3825775555625876,0.75,0.5297450424929179,0.5033647375504711,0.5162180814354727,0.6711389432536441,0.3478161041580951
LogisticRegression,"{'penalty': 'l2', 'C': 10, 'solver': 'saga', 'max_iter': 100, 'class_weight': None}",2,0.7667617689015692,0.5683890577507599,0.5026881720430108,0.5335235378031384,0.6824120471865539,0.3788105026110192,0.7621255349500713,0.5621890547263682,0.4568733153638814,0.504089219330855,0.6644211387682647,0.3498175578336104
LogisticRegression,"{'penalty': 'l2', 'C': 10, 'solver': 'saga', 'max_iter': 100, 'class_weight': 'balanced'}",1,0.6241084165477889,0.397078353253652,0.803763440860215,0.5315555555555554,0.6814933709155444,0.2735094167458196,0.6380171184022825,0.408355795148248,0.8156123822341858,0.5442299057027391,0.694802794707583,0.2954048291726949
LogisticRegression,"{'penalty': 'l2', 'C': 10, 'solver': 'saga', 'max_iter': 100, 'class_weight': 'balanced'}",2,0.6283880171184023,0.4,0.8010752688172043,0.5335720680393912,0.6835473431464663,0.2780438723246956,0.6537089871611983,0.4195361911454673,0.8045822102425876,0.5515011547344111,0.702000125489868,0.3122673612654738
LogisticRegression,"{'penalty': 'l2', 'C': 10, 'solver': 'saga', 'max_iter': 1000, 'class_weight': None}",1,0.7838801711840229,0.6011730205278593,0.5510752688172043,0.5750350631136044,0.709518216932874,0.4304954137295856,0.7699714693295292,0.5710144927536231,0.5302826379542396,0.5498953244940684,0.6933315179096767,0.3956880397969521
LogisticRegression,"{'penalty': 'l2', 'C': 10, 'solver': 'saga', 'max_iter': 1000, 'class_weight': None}",2,0.7817403708987162,0.6024844720496895,0.521505376344086,0.5590778097982708,0.6986167658419459,0.4150527664912328,0.7810271041369472,0.6056105610561056,0.4946091644204852,0.5445103857566765,0.6893511389512708,0.4023040540352884
LogisticRegression,"{'penalty': 'l2', 'C': 10, 'solver': 'saga', 'max_iter': 1000, 'class_weight': 'balanced'}",1,0.6726105563480742,0.4359351988217967,0.7956989247311828,0.5632730732635585,0.711927132268504,0.3354324886453529,0.6861626248216833,0.4480667172100075,0.7954239569313594,0.5732298739088264,0.7210986839484551,0.3543589510112213
LogisticRegression,"{'penalty': 'l2', 'C': 10, 'solver': 'saga', 'max_iter': 1000, 'class_weight': 'balanced'}",2,0.6790299572039943,0.4412650602409638,0.7876344086021505,0.5656370656370656,0.7137201169224345,0.341753820728338,0.7072039942938659,0.4686756542426645,0.7964959568733153,0.5901148277583624,0.7357843508905859,0.3853057658458226
xgboost,"{'learning_rate': 0.01, 'subsample': 0.8, 'colsample_bytree': 0.8, 'n_estimators': 450}",1,0.7910128388017118,0.6207951070336392,0.5456989247311828,0.580829756795422,0.7126552876083098,0.442404745422215,0.7994652406417112,0.65,0.5252525252525253,0.5810055865921787,0.7117171717171717,0.4511407662505381
xgboost,"{'learning_rate': 0.01, 'subsample': 0.8, 'colsample_bytree': 0.8, 'n_estimators': 450}",2,0.8024251069900142,0.6426426426426426,0.5752688172043011,0.6070921985815604,0.7298674183108884,0.47566353161648156,0.7941176470588235,0.6352459016393442,0.5218855218855218,0.5730129390018485,0.7070033670033669,0.4390801314097986
xgboost,"{'learning_rate': 0.01, 'subsample': 0.8, 'colsample_bytree': 0.8, 'n_estimators': 450}",3,0.8059914407988588,0.654320987654321,0.5698924731182796,0.6091954022988506,0.7305773045203048,0.480978201694214,0.7959001782531194,0.636,0.5353535353535354,0.5813528336380256,0.7125252525252525,0.447723081288126
xgboost,"{'learning_rate': 0.01, 'subsample': 0.8, 'colsample_bytree': 0.8, 'n_estimators': 450}",4,0.7981455064194009,0.6394984326018809,0.5483870967741935,0.5904486251808972,0.7183683056686502,0.45755940971719034,0.808206958073149,0.6933962264150944,0.494949494949495,0.5776031434184675,0.708032999901932,0.45798034907491325
xgboost,"{'learning_rate': 0.01, 'subsample': 0.8, 'colsample_bytree': 0.8, 'n_estimators': 450}",5,0.8017118402282454,0.641566265060241,0.5725806451612904,0.6051136363636364,0.7285233322893832,0.4733027027027027,0.7992863514719001,0.6538461538461539,0.5151515151515151,0.576271186440678,0.7084252721388644,0.447184140447776
xgboost,"{'learning_rate': 0.01, 'subsample': 0.8, 'colsample_bytree': 0.8, 'n_estimators': 500}",1,0.7895863052781741,0.6184615384615385,0.5403225806451613,0.5767575322812051,0.7099671155652991,0.4375939972314161,0.7985739750445633,0.6485355648535565,0.5218855218855218,0.5783582089552238,0.71003367003367,0.4480678063496625
xgboost,"{'learning_rate': 0.01, 'subsample': 0.8, 'colsample_bytree': 0.8, 'n_estimators': 500}",2,0.8024251069900142,0.6417910447761194,0.5779569892473119,0.6082036775106082,0.7307260674391901,0.4765935194494686,0.7923351158645277,0.6300813008130082,0.5218855218855218,0.570902394106814,0.7057912457912457,0.43551375231580447
xgboost,"{'learning_rate': 0.01, 'subsample': 0.8, 'colsample_bytree': 0.8, 'n_estimators': 500}",3,0.8059914407988588,0.654320987654321,0.5698924731182796,0.6091954022988506,0.7305773045203048,0.480978201694214,0.7941176470588235,0.6309523809523809,0.5353535353535354,0.5792349726775956,0.7113131313131312,0.44416135881104035
xgboost,"{'learning_rate': 0.01, 'subsample': 0.8, 'colsample_bytree': 0.8, 'n_estimators': 500}",4,0.7960057061340942,0.6360759493670886,0.5403225806451613,0.5843023255813952,0.714336047604134,0.450325715037726,0.8073148974130241,0.6901408450704225,0.494949494949495,0.5764705882352941,0.7074262037854271,0.4561039381115394
xgboost,"{'learning_rate': 0.01, 'subsample': 0.8, 'colsample_bytree': 0.8, 'n_estimators': 500}",5,0.8017118402282454,0.641566265060241,0.5725806451612904,0.6051136363636364,0.7285233322893832,0.4733027027027027,0.7992863514719001,0.6512605042016807,0.5218855218855218,0.5794392523364486,0.710578683272858,0.4497265267920839
xgboost,"{'learning_rate': 0.01, 'subsample': 0.8, 'colsample_bytree': 1, 'n_estimators': 450}",1,0.7945791726105563,0.625748502994012,0.5618279569892473,0.5920679886685553,0.7202343668441383,0.4553253942987875,0.7941176470588235,0.6330645161290323,0.5286195286195287,0.5761467889908257,0.7091582491582491,0.44163230484857097
xgboost,"{'learning_rate': 0.01, 'subsample': 0.8, 'colsample_bytree': 1, 'n_estimators': 450}",2,0.8017118402282454,0.6424242424242425,0.5698924731182796,0.6039886039886041,0.7276646831610815,0.4723643669011377,0.7932263814616756,0.6305220883534136,0.5286195286195287,0.5750915750915752,0.7085521885521885,0.43985229370828005
xgboost,"{'learning_rate': 0.01, 'subsample': 0.8, 'colsample_bytree': 1, 'n_estimators': 450}",3,0.8024251069900142,0.6498422712933754,0.553763440860215,0.5979680696661828,0.7229982252844764,0.4681029405722268,0.7869875222816399,0.6141732283464567,0.5252525252525253,0.5662431941923775,0.7032323232323232,0.42621098714870775
xgboost,"{'learning_rate': 0.01, 'subsample': 0.8, 'colsample_bytree': 1, 'n_estimators': 450}",4,0.796718972895863,0.637223974763407,0.543010752688172,0.5863570391872278,0.7156801336256394,0.45274129264651497,0.8055307760927743,0.6854460093896714,0.49158249158249157,0.5725490196078432,0.7051359059854205,0.45106786346442407
xgboost,"{'learning_rate': 0.01, 'subsample': 0.8, 'colsample_bytree': 1, 'n_estimators': 450}",5,0.8002853067047075,0.6385542168674698,0.5698924731182796,0.6022727272727274,0.7266938093746738,0.46951351351351356,0.7966101694915254,0.6443514644351465,0.5185185185185185,0.5746268656716419,0.7076815893563466,0.44302992002440666
xgboost,"{'learning_rate': 0.01, 'subsample': 0.8, 'colsample_bytree': 1, 'n_estimators': 500}",1,0.7938659058487875,0.6231454005934718,0.5645161290322581,0.5923836389280678,0.7206075790792358,0.45488571082619167,0.7950089126559715,0.6356275303643725,0.5286195286195287,0.5772058823529412,0.7097643097643096,0.4434163701067616
xgboost,"{'learning_rate': 0.01, 'subsample': 0.8, 'colsample_bytree': 1, 'n_estimators': 500}",2,0.8024251069900142,0.6426426426426426,0.5752688172043011,0.6070921985815604,0.7298674183108884,0.47566353161648156,0.7932263814616756,0.6305220883534136,0.5286195286195287,0.5750915750915752,0.7085521885521885,0.43985229370828005
xgboost,"{'learning_rate': 0.01, 'subsample': 0.8, 'colsample_bytree': 1, 'n_estimators': 500}",3,0.8031383737517832,0.65,0.5591397849462365,0.6011560693641619,0.7252009604342833,0.4714521434113187,0.7869875222816399,0.6150793650793651,0.5218855218855218,0.5646630236794171,0.7021548821548822,0.4249115357395612
xgboost,"{'learning_rate': 0.01, 'subsample': 0.8, 'colsample_bytree': 1, 'n_estimators': 500}",4,0.796718972895863,0.6338461538461538,0.553763440860215,0.5911047345767576,0.7191147301388453,0.45665860749475795,0.8073148974130241,0.6883720930232559,0.4983164983164983,0.578125,0.7085029093524239,0.4573885918403019
xgboost,"{'learning_rate': 0.01, 'subsample': 0.8, 'colsample_bytree': 1, 'n_estimators': 500}",5,0.7995720399429387,0.6358208955223881,0.5725806451612904,0.6025459688826025,0.7270670216097713,0.46903530312382913,0.7957181088314005,0.640495867768595,0.5218855218855218,0.575139146567718,0.7081514988068386,0.4425077800773556
xgboost,"{'learning_rate': 0.01, 'subsample': 1, 'colsample_bytree': 0.8, 'n_estimators': 450}",1,0.7952924393723253,0.6283987915407855,0.5591397849462365,0.5917496443812232,0.7198611546090407,0.45576742562981676,0.7976827094474154,0.6446280991735537,0.5252525252525253,0.5788497217068647,0.7105050505050505,0.4475304223335719
xgboost,"{'learning_rate': 0.01, 'subsample': 1, 'colsample_bytree': 0.8, 'n_estimators': 450}",2,0.8052781740370899,0.6504559270516718,0.5752688172043011,0.6105563480741798,0.7318091658837039,0.4813922544734197,0.7950089126559715,0.6313725490196078,0.5420875420875421,0.5833333333333334,0.7140740740740741,0.44844124700239807
xgboost,"{'learning_rate': 0.01, 'subsample': 1, 'colsample_bytree': 0.8, 'n_estimators': 450}",3,0.8088445078459344,0.6645569620253164,0.5645161290322581,0.6104651162790699,0.7308017538365174,0.4849206001052817,0.7932263814616756,0.6337448559670782,0.5185185185185185,0.5703703703703703,0.7053198653198653,0.4360074360074361
xgboost,"{'learning_rate': 0.01, 'subsample': 1, 'colsample_bytree': 0.8, 'n_estimators': 450}",4,0.8009985734664765,0.6485623003194888,0.5456989247311828,0.5927007299270074,0.7194514041131642,0.46232429504960837,0.8064228367528992,0.696078431372549,0.4781144781144781,0.5668662674650697,0.7014358798339381,0.44770175617841046
xgboost,"{'learning_rate': 0.01, 'subsample': 1, 'colsample_bytree': 0.8, 'n_estimators': 450}",5,0.8031383737517832,0.6490683229813664,0.5618279569892473,0.6023054755043227,0.7260596095625848,0.47240053448228847,0.7948260481712757,0.6413502109704642,0.5117845117845118,0.5692883895131086,0.7043145859893432,0.4368507500502363
xgboost,"{'learning_rate': 0.01, 'subsample': 1, 'colsample_bytree': 0.8, 'n_estimators': 500}",1,0.797432239657632,0.6317365269461078,0.5672043010752689,0.5977337110481586,0.7238934126735569,0.462890319377971,0.7959001782531194,0.639344262295082,0.5252525252525253,0.5767097966728282,0.7092929292929293,0.4439365804885016
xgboost,"{'learning_rate': 0.01, 'subsample': 1, 'colsample_bytree': 0.8, 'n_estimators': 500}",2,0.8045649072753209,0.6503067484662577,0.5698924731182796,0.6074498567335243,0.7296064307338971,0.4780966562145066,0.7923351158645277,0.6259842519685039,0.5353535353535354,0.5771324863883848,0.7101010101010101,0.44061573224120887
xgboost,"{'learning_rate': 0.01, 'subsample': 1, 'colsample_bytree': 0.8, 'n_estimators': 500}",3,0.8067047075606276,0.6573208722741433,0.5672043010752689,0.608946608946609,0.7302040922852073,0.48149330887791675,0.7914438502673797,0.6275303643724697,0.5218855218855218,0.5698529411764706,0.7051851851851851,0.4337366548042705
xgboost,"{'learning_rate': 0.01, 'subsample': 1, 'colsample_bytree': 0.8, 'n_estimators': 500}",4,0.7995720399429387,0.6463022508038585,0.5403225806451613,0.5885797950219619,0.7167632320701535,0.4574886185556789,0.800178412132025,0.6763285024154589,0.4713804713804714,0.5555555555555556,0.6950348958844105,0.4319248189020555
xgboost,"{'learning_rate': 0.01, 'subsample': 1, 'colsample_bytree': 0.8, 'n_estimators': 500}",5,0.8017118402282454,0.6459627329192547,0.5591397849462365,0.5994236311239194,0.7242300866478755,0.46857734994955136,0.7975022301516503,0.6495726495726496,0.5117845117845118,0.5725047080979284,0.7061349743388579,0.44227022169620067
xgboost,"{'learning_rate': 0.01, 'subsample': 1, 'colsample_bytree': 1, 'n_estimators': 450}",1,0.7938659058487875,0.6246246246246246,0.5591397849462365,0.5900709219858156,0.718890280822633,0.45294859435798984,0.7923351158645277,0.6290322580645161,0.5252525252525253,0.5724770642201835,0.7068686868686869,0.43679795250959763
xgboost,"{'learning_rate': 0.01, 'subsample': 1, 'colsample_bytree': 1, 'n_estimators': 450}",2,0.8024251069900142,0.6443768996960486,0.5698924731182796,0.6048502139800286,0.7281501200542854,0.4737936061873159,0.7994652406417112,0.6451612903225806,0.5387205387205387,0.5871559633027522,0.716026936026936,0.4561353618654912
xgboost,"{'learning_rate': 0.01, 'subsample': 1, 'colsample_bytree': 1, 'n_estimators': 450}",3,0.8009985734664765,0.64576802507837,0.553763440860215,0.5962373371924746,0.7220273514980687,0.4652264145268413,0.7959001782531194,0.6349206349206349,0.5387205387205387,0.5828779599271403,0.7136026936026936,0.44897381457891006
xgboost,"{'learning_rate': 0.01, 'subsample': 1, 'colsample_bytree': 1, 'n_estimators': 450}",4,0.7960057061340942,0.6369426751592356,0.5376344086021505,0.5830903790087464,0.7134773984758325,0.4493322859387274,0.8010704727921498,0.6813725490196079,0.468013468013468,0.5548902195608783,0.6945649864339185,0.4324308369944033
xgboost,"{'learning_rate': 0.01, 'subsample': 1, 'colsample_bytree': 1, 'n_estimators': 450}",5,0.8017118402282454,0.6459627329192547,0.5591397849462365,0.5994236311239194,0.7242300866478755,0.46857734994955136,0.7983942908117752,0.6536796536796536,0.5084175084175084,0.571969696969697,0.7056650648883659,0.44279637718453224
xgboost,"{'learning_rate': 0.01, 'subsample': 1, 'colsample_bytree': 1, 'n_estimators': 500}",1,0.7960057061340942,0.6272189349112426,0.5698924731182796,0.5971830985915493,0.7237811880154505,0.4610214692424739,0.7941176470588235,0.6341463414634146,0.5252525252525253,0.5745856353591161,0.7080808080808081,0.44035912783240694
xgboost,"{'learning_rate': 0.01, 'subsample': 1, 'colsample_bytree': 1, 'n_estimators': 500}",2,0.8002853067047075,0.6402439024390244,0.5645161290322581,0.6,0.7249765111180707,0.4676199672348136,0.7994652406417112,0.644,0.5420875420875421,0.5886654478976233,0.717104377104377,0.4573698396935735
xgboost,"{'learning_rate': 0.01, 'subsample': 1, 'colsample_bytree': 1, 'n_estimators': 500}",3,0.7995720399429387,0.6417445482866043,0.553763440860215,0.5945165945165946,0.7210564777116609,0.46236022064462956,0.7932263814616756,0.6294820717131474,0.531986531986532,0.5766423357664234,0.7096296296296296,0.4411222899248973
xgboost,"{'learning_rate': 0.01, 'subsample': 1, 'colsample_bytree': 1, 'n_estimators': 500}",4,0.796718972895863,0.638095238095238,0.5403225806451613,0.5851528384279475,0.714821484497338,0.45175312219578656,0.7983942908117752,0.6698564593301436,0.4713804713804714,0.5533596837944664,0.6938213036514008,0.4282161234991424
xgboost,"{'learning_rate': 0.01, 'subsample': 1, 'colsample_bytree': 1, 'n_estimators': 500}",5,0.8009985734664765,0.6439628482972136,0.5591397849462365,0.5985611510791367,0.7237446497546717,0.46714381850430065,0.7975022301516503,0.6495726495726496,0.5117845117845118,0.5725047080979284,0.7061349743388579,0.44227022169620067
xgboost,"{'learning_rate': 0.02, 'subsample': 0.8, 'colsample_bytree': 0.8, 'n_estimators': 450}",1,0.7931526390870185,0.6234939759036144,0.5564516129032258,0.5880681818181818,0.7175461948011275,0.45056756756756755,0.7914438502673797,0.6285714285714286,0.5185185185185185,0.5682656826568265,0.704107744107744,0.4324440005706949
xgboost,"{'learning_rate': 0.02, 'subsample': 0.8, 'colsample_bytree': 0.8, 'n_estimators': 450}",2,0.7952924393723253,0.6268656716417911,0.5645161290322581,0.5940594059405941,0.7215784528656436,0.45769797863537,0.7896613190730838,0.6205533596837944,0.5286195286195287,0.570909090909091,0.7061279461279462,0.4327725151986427
xgboost,"{'learning_rate': 0.02, 'subsample': 0.8, 'colsample_bytree': 0.8, 'n_estimators': 450}",3,0.8038516405135521,0.6501547987616099,0.5645161290322581,0.6043165467625901,0.7274036955840902,0.4747833336511924,0.7878787878787878,0.6175298804780877,0.5218855218855218,0.5656934306569342,0.7027609427609427,0.4266685560436446
xgboost,"{'learning_rate': 0.02, 'subsample': 0.8, 'colsample_bytree': 0.8, 'n_estimators': 450}",4,0.7881597717546363,0.6146788990825688,0.5403225806451613,0.575107296137339,0.7089962417788913,0.43479252351671616,0.8028545941123997,0.6743119266055045,0.494949494949495,0.570873786407767,0.7043922232029028,0.44678812834535075
xgboost,"{'learning_rate': 0.02, 'subsample': 0.8, 'colsample_bytree': 0.8, 'n_estimators': 450}",5,0.7995720399429387,0.6350148367952523,0.5752688172043011,0.6036671368124119,0.7279256707380729,0.46997537973065695,0.800178412132025,0.6553191489361702,0.5185185185185185,0.5789473684210525,0.7101087738223661,0.45027606166617773
xgboost,"{'learning_rate': 0.02, 'subsample': 0.8, 'colsample_bytree': 0.8, 'n_estimators': 500}",1,0.7931526390870185,0.6242424242424243,0.553763440860215,0.586894586894587,0.7166875456728259,0.44958872806233785,0.7923351158645277,0.626984126984127,0.531986531986532,0.575591985428051,0.709023569023569,0.43934890304317054
xgboost,"{'learning_rate': 0.02, 'subsample': 0.8, 'colsample_bytree': 0.8, 'n_estimators': 500}",2,0.7952924393723253,0.6268656716417911,0.5645161290322581,0.5940594059405941,0.7215784528656436,0.45769797863537,0.7896613190730838,0.6205533596837944,0.5286195286195287,0.570909090909091,0.7061279461279462,0.4327725151986427
xgboost,"{'learning_rate': 0.02, 'subsample': 0.8, 'colsample_bytree': 0.8, 'n_estimators': 500}",3,0.8017118402282454,0.6432926829268293,0.5672043010752689,0.602857142857143,0.7268060340327801,0.4714226817545649,0.7896613190730838,0.6205533596837944,0.5286195286195287,0.570909090909091,0.7061279461279462,0.4327725151986427
xgboost,"{'learning_rate': 0.02, 'subsample': 0.8, 'colsample_bytree': 0.8, 'n_estimators': 500}",4,0.7895863052781741,0.6170212765957447,0.5456989247311828,0.5791726105563482,0.7116844138219021,0.43959968889984913,0.7983942908117752,0.6591928251121076,0.494949494949495,0.5653846153846155,0.7013582426203787,0.43758130613730917
xgboost,"{'learning_rate': 0.02, 'subsample': 0.8, 'colsample_bytree': 0.8, 'n_estimators': 500}",5,0.8017118402282454,0.6390532544378699,0.5806451612903226,0.6084507042253522,0.7310992796742874,0.476097791781146,0.7992863514719001,0.6551724137931034,0.5117845117845118,0.5746691871455576,0.7073485665718675,0.4459041170823439
xgboost,"{'learning_rate': 0.02, 'subsample': 0.8, 'colsample_bytree': 1, 'n_estimators': 450}",1,0.796718972895863,0.6314199395770392,0.5618279569892473,0.5945945945945945,0.7216906775237498,0.4595599871236856,0.7896613190730838,0.6234817813765182,0.5185185185185185,0.5661764705882353,0.7028956228956229,0.428896797153025
xgboost,"{'learning_rate': 0.02, 'subsample': 0.8, 'colsample_bytree': 1, 'n_estimators': 450}",2,0.7995720399429387,0.6366366366366366,0.5698924731182796,0.601418439716312,0.72620837248147,0.468091885863651,0.7905525846702317,0.6201550387596899,0.5387205387205387,0.5765765765765766,0.7099663299663299,0.43835231266694785
xgboost,"{'learning_rate': 0.02, 'subsample': 0.8, 'colsample_bytree': 1, 'n_estimators': 450}",3,0.7995720399429387,0.6391437308868502,0.5618279569892473,0.5979971387696709,0.7236324250965654,0.4652414111387113,0.785204991087344,0.6085271317829457,0.5286195286195287,0.5657657657657658,0.703097643097643,0.4240123717137636
xgboost,"{'learning_rate': 0.02, 'subsample': 0.8, 'colsample_bytree': 1, 'n_estimators': 450}",4,0.7874465049928673,0.6114457831325302,0.5456989247311828,0.5767045454545454,0.7102281031422903,0.4354108108108108,0.8010704727921498,0.6637168141592921,0.5050505050505051,0.5736137667304017,0.7064087476708837,0.4469879811255224
xgboost,"{'learning_rate': 0.02, 'subsample': 0.8, 'colsample_bytree': 1, 'n_estimators': 450}",5,0.8017118402282454,0.6398809523809523,0.5779569892473119,0.6073446327683617,0.7302406305459861,0.4751693974943175,0.800178412132025,0.6540084388185654,0.5218855218855218,0.5805243445692884,0.7111854793893628,0.45154160004892585
xgboost,"{'learning_rate': 0.02, 'subsample': 0.8, 'colsample_bytree': 1, 'n_estimators': 500}",1,0.7931526390870185,0.6220238095238095,0.5618279569892473,0.5903954802259886,0.7192634930577304,0.45251483911277723,0.7896613190730838,0.6234817813765182,0.5185185185185185,0.5661764705882353,0.7028956228956229,0.428896797153025
xgboost,"{'learning_rate': 0.02, 'subsample': 0.8, 'colsample_bytree': 1, 'n_estimators': 500}",2,0.8009985734664765,0.6404833836858006,0.5698924731182796,0.6031294452347085,0.7271792462678777,0.4709376716052922,0.7905525846702317,0.6220472440944882,0.531986531986532,0.573502722323049,0.7078114478114478,0.43581415054370853
xgboost,"{'learning_rate': 0.02, 'subsample': 0.8, 'colsample_bytree': 1, 'n_estimators': 500}",3,0.8002853067047075,0.6428571428571429,0.5564516129032258,0.5965417867435158,0.7224005637331663,0.46475416541681436,0.785204991087344,0.609375,0.5252525252525253,0.5641952983725136,0.702020202020202,0.42271382274200375
xgboost,"{'learning_rate': 0.02, 'subsample': 0.8, 'colsample_bytree': 1, 'n_estimators': 500}",4,0.7853067047075606,0.6059701492537314,0.5456989247311828,0.5742574257425742,0.7087717924626787,0.4312442214956319,0.8037466547725245,0.6681222707423581,0.5151515151515151,0.5817490494296578,0.7114592527213887,0.456329086019135
xgboost,"{'learning_rate': 0.02, 'subsample': 0.8, 'colsample_bytree': 1, 'n_estimators': 500}",5,0.8024251069900142,0.6409495548961425,0.5806451612903226,0.609308885754584,0.7315847165674914,0.4775202141828896,0.7992863514719001,0.652542372881356,0.5185185185185185,0.5778611632270167,0.7095019777058612,0.4484582634498775
xgboost,"{'learning_rate': 0.02, 'subsample': 1, 'colsample_bytree': 0.8, 'n_estimators': 450}",1,0.7924393723252496,0.6208955223880597,0.5591397849462365,0.5884016973125884,0.717919407036225,0.4501397623097305,0.7923351158645277,0.6290322580645161,0.5252525252525253,0.5724770642201835,0.7068686868686869,0.43679795250959763
xgboost,"{'learning_rate': 0.02, 'subsample': 1, 'colsample_bytree': 0.8, 'n_estimators': 450}",2,0.796718972895863,0.6314199395770392,0.5618279569892473,0.5945945945945945,0.7216906775237498,0.4595599871236856,0.786096256684492,0.6163265306122448,0.5084175084175084,0.5571955719557194,0.6972390572390573,0.41789128263661013
xgboost,"{'learning_rate': 0.02, 'subsample': 1, 'colsample_bytree': 0.8, 'n_estimators': 450}",3,0.7981455064194009,0.6336336336336337,0.5672043010752689,0.5985815602836879,0.7243788495667606,0.46430606298723576,0.785204991087344,0.6129032258064516,0.5117845117845118,0.5577981651376147,0.6977104377104377,0.41746054315370396
xgboost,"{'learning_rate': 0.02, 'subsample': 1, 'colsample_bytree': 0.8, 'n_estimators': 450}",4,0.7924393723252496,0.6277602523659306,0.5349462365591398,0.5776487663280117,0.7101915648815116,0.4412200567022311,0.8055307760927743,0.6820276497695853,0.4983164983164983,0.5758754863813229,0.7072893171194142,0.45365485047932463
xgboost,"{'learning_rate': 0.02, 'subsample': 1, 'colsample_bytree': 0.8, 'n_estimators': 450}",5,0.8017118402282454,0.6441717791411042,0.5645161290322581,0.6017191977077364,0.7259473849044785,0.47047762929793,0.8010704727921498,0.6541666666666667,0.5286195286195287,0.5847299813780261,0.7139456866398614,0.45586906884159706
xgboost,"{'learning_rate': 0.02, 'subsample': 1, 'colsample_bytree': 0.8, 'n_estimators': 500}",1,0.7917261055634808,0.6197604790419161,0.5564516129032258,0.5864022662889519,0.7165753210147197,0.447760469219604,0.7914438502673797,0.6254980079681275,0.5286195286195287,0.572992700729927,0.7073400673400674,0.43630437863114635
xgboost,"{'learning_rate': 0.02, 'subsample': 1, 'colsample_bytree': 0.8, 'n_estimators': 500}",2,0.7960057061340942,0.6303030303030303,0.5591397849462365,0.5925925925925924,0.7203465915022444,0.45718060767527113,0.7878787878787878,0.6224066390041494,0.5050505050505051,0.5576208178438662,0.6973737373737374,0.42009459653146053
xgboost,"{'learning_rate': 0.02, 'subsample': 1, 'colsample_bytree': 0.8, 'n_estimators': 500}",3,0.7995720399429387,0.6358208955223881,0.5725806451612904,0.6025459688826025,0.7270670216097713,0.46903530312382913,0.7834224598930482,0.608,0.5117845117845118,0.5557586837294333,0.6964983164983165,0.4139594268690594
xgboost,"{'learning_rate': 0.02, 'subsample': 1, 'colsample_bytree': 0.8, 'n_estimators': 500}",4,0.7924393723252496,0.6261682242990654,0.5403225806451613,0.5800865800865801,0.7119088631381146,0.4432271324113424,0.8046387154326494,0.6805555555555556,0.494949494949495,0.5730994152046783,0.7056058154359126,0.450501265754786
xgboost,"{'learning_rate': 0.02, 'subsample': 1, 'colsample_bytree': 0.8, 'n_estimators': 500}",5,0.8024251069900142,0.6452599388379205,0.5672043010752689,0.603719599427754,0.727291470925984,0.47285363304421,0.7983942908117752,0.6460905349794238,0.5286195286195287,0.5814814814814815,0.7121252982903469,0.4504401320613104
xgboost,"{'learning_rate': 0.02, 'subsample': 1, 'colsample_bytree': 1, 'n_estimators': 450}",1,0.796718972895863,0.6283185840707964,0.5725806451612904,0.5991561181434599,0.7251252740369558,0.4633806335162488,0.7914438502673797,0.6254980079681275,0.5286195286195287,0.572992700729927,0.7073400673400674,0.43630437863114635
xgboost,"{'learning_rate': 0.02, 'subsample': 1, 'colsample_bytree': 1, 'n_estimators': 450}",2,0.7988587731811697,0.6347305389221557,0.5698924731182796,0.6005665722379604,0.725722935588266,0.4666727819175628,0.7976827094474154,0.64,0.5387205387205387,0.5850091407678246,0.7148148148148148,0.4525464604908498
xgboost,"{'learning_rate': 0.02, 'subsample': 1, 'colsample_bytree': 1, 'n_estimators': 450}",3,0.796718972895863,0.6346749226006192,0.5510752688172043,0.5899280575539568,0.718256081010544,0.455684545783963,0.7825311942959001,0.6039215686274509,0.5185185185185185,0.5579710144927535,0.698047138047138,0.4148681055155875
xgboost,"{'learning_rate': 0.02, 'subsample': 1, 'colsample_bytree': 1, 'n_estimators': 450}",4,0.7931526390870185,0.6265432098765432,0.5456989247311828,0.5833333333333333,0.7141115982879215,0.4466311709239782,0.7957181088314005,0.6504424778761062,0.494949494949495,0.5621414913957935,0.699537854270864,0.43210873398091765
xgboost,"{'learning_rate': 0.02, 'subsample': 1, 'colsample_bytree': 1, 'n_estimators': 450}",5,0.7995720399429387,0.6358208955223881,0.5725806451612904,0.6025459688826025,0.7270670216097713,0.46903530312382913,0.7957181088314005,0.6440677966101694,0.5117845117845118,0.5703564727954972,0.7049213821058481,0.4386530770223197
xgboost,"{'learning_rate': 0.02, 'subsample': 1, 'colsample_bytree': 1, 'n_estimators': 500}",1,0.8002853067047075,0.6352941176470588,0.5806451612903226,0.6067415730337079,0.7301284058878798,0.4732604821915456,0.7869875222816399,0.61328125,0.5286195286195287,0.5678119349005425,0.7043097643097642,0.4275045793997464
xgboost,"{'learning_rate': 0.02, 'subsample': 1, 'colsample_bytree': 1, 'n_estimators': 500}",2,0.8009985734664765,0.6396396396396397,0.5725806451612904,0.6042553191489362,0.7280378953961792,0.4718777087400663,0.7985739750445633,0.6448979591836734,0.531986531986532,0.5830258302583026,0.7132659932659933,0.4518476244828078
xgboost,"{'learning_rate': 0.02, 'subsample': 1, 'colsample_bytree': 1, 'n_estimators': 500}",3,0.7981455064194009,0.6386292834890965,0.5510752688172043,0.5916305916305916,0.7192269547969516,0.4585336029979721,0.7816399286987522,0.6023622047244095,0.5151515151515151,0.5553539019963702,0.6963636363636363,0.41180624205620675
xgboost,"{'learning_rate': 0.02, 'subsample': 1, 'colsample_bytree': 1, 'n_estimators': 500}",4,0.7945791726105563,0.6296296296296297,0.5483870967741935,0.5862068965517241,0.7159411212026309,0.45044750767622654,0.7966101694915254,0.6519823788546255,0.4983164983164983,0.564885496183206,0.7012213559543656,0.4352470136952401
xgboost,"{'learning_rate': 0.02, 'subsample': 1, 'colsample_bytree': 1, 'n_estimators': 500}",5,0.7981455064194009,0.6320474777448071,0.5725806451612904,0.6008462623413259,0.7260961478233636,0.46620296250454063,0.7957181088314005,0.6428571428571429,0.5151515151515151,0.57196261682243,0.705998087672845,0.43994388726838773
